type,id,sentiment_body_p,sentiment_body_s,sentiment_title_p,sentiment_title_s,published
Toyota,5467464128,positive,0.71,neutral,0.74,2023-03-31T21:32:42Z
Toyota,5467463728,neutral,0.44,neutral,0.77,2023-03-31T21:32:29Z
Toyota,5467461138,positive,0.6,negative,0.46,2023-03-31T21:31:06Z
Toyota,5467460898,neutral,1.0,neutral,0.9,2023-03-31T21:30:53Z
Toyota,5467460870,positive,0.99,positive,0.96,2023-03-31T21:30:50Z
Toyota,5467457382,positive,0.99,neutral,0.87,2023-03-31T21:28:42Z
Toyota,5467452967,positive,1.0,neutral,0.58,2023-03-31T21:27:13Z
Toyota,5467454210,negative,0.96,neutral,0.71,2023-03-31T21:24:56Z
Toyota,5467450776,positive,0.62,neutral,0.76,2023-03-31T21:23:53Z
Toyota,5467448677,positive,0.42,neutral,0.76,2023-03-31T21:23:10Z
Toyota,5467445160,positive,0.9,neutral,0.82,2023-03-31T21:22:24Z
Toyota,5467446286,positive,0.84,negative,0.78,2023-03-31T21:22:15Z
Toyota,5467447125,positive,0.62,neutral,0.76,2023-03-31T21:22:08Z
Toyota,5467442117,positive,0.63,neutral,0.76,2023-03-31T21:21:54Z
Toyota,5467445045,positive,0.62,neutral,0.76,2023-03-31T21:21:50Z
Toyota,5467445050,positive,0.82,neutral,0.97,2023-03-31T21:21:50Z
Toyota,5467444005,positive,1.0,neutral,0.96,2023-03-31T21:21:39Z
Toyota,5467444989,positive,0.85,neutral,0.52,2023-03-31T21:21:39Z
Toyota,5467444528,neutral,0.7,neutral,0.75,2023-03-31T21:21:33Z
Toyota,5467445436,neutral,0.58,neutral,0.94,2023-03-31T21:21:33Z
Toyota,5467443786,positive,0.85,neutral,0.52,2023-03-31T21:21:28Z
Toyota,5467443782,positive,0.47,neutral,0.76,2023-03-31T21:21:26Z
Toyota,5467445446,neutral,0.58,neutral,0.86,2023-03-31T21:21:20Z
Toyota,5467443487,positive,0.86,neutral,0.81,2023-03-31T21:21:09Z
Toyota,5467442535,negative,0.97,neutral,0.47,2023-03-31T21:20:53Z
Toyota,5467442499,positive,0.62,neutral,0.76,2023-03-31T21:20:51Z
Toyota,5467439705,positive,0.96,neutral,0.73,2023-03-31T21:20:41Z
Toyota,5467443292,positive,0.87,neutral,0.52,2023-03-31T21:20:25Z
Toyota,5467440624,positive,0.6,neutral,0.76,2023-03-31T21:20:18Z
Toyota,5467440148,neutral,0.4,neutral,0.77,2023-03-31T21:20:06Z
Toyota,5467438612,positive,0.85,neutral,0.52,2023-03-31T21:19:43Z
Toyota,5467437877,positive,0.47,neutral,0.76,2023-03-31T21:19:36Z
Toyota,5467437887,positive,0.62,neutral,0.76,2023-03-31T21:19:36Z
Toyota,5467437898,neutral,0.65,neutral,0.75,2023-03-31T21:19:36Z
Toyota,5467438268,positive,0.67,neutral,0.52,2023-03-31T21:19:30Z
Toyota,5467437464,positive,0.47,neutral,0.61,2023-03-31T21:19:25Z
Toyota,5467437391,positive,1.0,neutral,0.73,2023-03-31T21:19:22Z
Toyota,5467435741,positive,0.6,neutral,0.77,2023-03-31T21:18:57Z
Toyota,5467435055,positive,0.64,neutral,0.52,2023-03-31T21:18:40Z
Toyota,5467437580,neutral,0.85,neutral,0.75,2023-03-31T21:18:40Z
Toyota,5467434664,negative,0.65,neutral,0.89,2023-03-31T21:18:29Z
Toyota,5467434001,positive,1.0,neutral,0.44,2023-03-31T21:18:15Z
Toyota,5467434473,positive,0.62,neutral,0.76,2023-03-31T21:18:15Z
Toyota,5467434648,positive,0.62,neutral,0.76,2023-03-31T21:18:12Z
Toyota,5467434930,positive,0.62,neutral,0.76,2023-03-31T21:18:12Z
Toyota,5467434178,positive,0.67,neutral,0.52,2023-03-31T21:18:05Z
Toyota,5467434202,positive,0.74,neutral,0.76,2023-03-31T21:18:05Z
Toyota,5467429905,positive,0.78,neutral,0.5,2023-03-31T21:16:44Z
Toyota,5467430680,positive,1.0,neutral,0.55,2023-03-31T21:16:39Z
Toyota,5467433228,positive,1.0,neutral,0.44,2023-03-31T21:16:21Z
Toyota,5467423564,negative,0.72,negative,0.65,2023-03-31T21:14:26Z
Toyota,5467415257,positive,0.99,neutral,0.51,2023-03-31T21:11:34Z
Toyota,5467421111,positive,0.94,neutral,0.84,2023-03-31T21:10:41Z
Toyota,5467420643,positive,0.94,positive,0.62,2023-03-31T21:10:25Z
Toyota,5467415978,positive,0.4,positive,0.54,2023-03-31T21:10:04Z
Toyota,5467416762,negative,0.67,neutral,0.84,2023-03-31T21:09:03Z
Toyota,5467416881,neutral,1.0,neutral,0.98,2023-03-31T21:08:31Z
Toyota,5467415228,negative,0.91,neutral,0.92,2023-03-31T21:08:05Z
Toyota,5467415460,positive,0.98,neutral,0.62,2023-03-31T21:08:01Z
Toyota,5467403621,positive,0.77,negative,0.78,2023-03-31T21:07:51Z
Toyota,5467402415,neutral,0.92,neutral,0.69,2023-03-31T21:07:34Z
Toyota,5467401572,positive,0.81,neutral,0.57,2023-03-31T21:07:23Z
Toyota,5467401580,positive,0.93,neutral,0.67,2023-03-31T21:07:23Z
Toyota,5467404363,positive,0.88,neutral,0.83,2023-03-31T21:07:09Z
Toyota,5467399781,positive,0.78,neutral,0.68,2023-03-31T21:07:01Z
Toyota,5467411662,positive,0.83,negative,0.78,2023-03-31T21:06:46Z
Toyota,5467401838,negative,0.94,neutral,0.68,2023-03-31T21:06:35Z
Toyota,5467412576,positive,0.55,neutral,0.68,2023-03-31T21:06:31Z
Toyota,5467409550,negative,0.76,neutral,0.8,2023-03-31T21:05:56Z
Toyota,5467399485,positive,0.86,neutral,0.9,2023-03-31T21:05:54Z
Toyota,5467410633,positive,0.96,neutral,0.6,2023-03-31T21:05:38Z
Toyota,5467409261,negative,0.66,neutral,0.62,2023-03-31T21:05:35Z
Toyota,5467422104,negative,0.86,negative,0.79,2023-03-31T21:05:17Z
Toyota,5467407940,neutral,0.78,neutral,0.85,2023-03-31T21:04:44Z
Toyota,5467404614,negative,0.93,negative,0.59,2023-03-31T21:03:24Z
Toyota,5467404906,negative,0.72,neutral,0.86,2023-03-31T21:03:24Z
Toyota,5467401867,positive,0.56,neutral,0.67,2023-03-31T21:02:26Z
Toyota,5467389050,negative,0.87,neutral,0.96,2023-03-31T21:02:06Z
Toyota,5467386817,positive,0.7,neutral,0.71,2023-03-31T20:59:39Z
Toyota,5467390425,positive,0.97,neutral,0.74,2023-03-31T20:59:33Z
Toyota,5467389646,positive,1.0,negative,0.38,2023-03-31T20:59:20Z
Toyota,5467387762,positive,0.98,neutral,0.81,2023-03-31T20:58:42Z
Toyota,5467382827,positive,0.91,neutral,0.87,2023-03-31T20:58:17Z
Toyota,5467383373,positive,0.5,neutral,0.59,2023-03-31T20:58:01Z
Toyota,5467379930,positive,0.98,neutral,0.76,2023-03-31T20:57:02Z
Toyota,5467377899,positive,0.53,neutral,0.91,2023-03-31T20:56:37Z
Toyota,5467382321,positive,0.93,neutral,0.72,2023-03-31T20:55:41Z
Toyota,5467370499,negative,1.0,negative,0.93,2023-03-31T20:54:41Z
Toyota,5467368270,neutral,0.41,neutral,0.98,2023-03-31T20:54:31Z
Toyota,5467372796,positive,0.71,neutral,0.84,2023-03-31T20:54:22Z
Toyota,5467372695,positive,0.94,neutral,0.62,2023-03-31T20:53:59Z
Toyota,5467366265,positive,0.84,neutral,0.71,2023-03-31T20:53:35Z
Toyota,5467369616,positive,0.59,neutral,0.54,2023-03-31T20:53:20Z
Toyota,5467369217,negative,0.55,neutral,0.73,2023-03-31T20:53:15Z
Toyota,5467366708,positive,1.0,neutral,0.55,2023-03-31T20:52:28Z
Toyota,5467361573,positive,0.75,neutral,0.88,2023-03-31T20:52:20Z
Toyota,5467361190,positive,0.99,neutral,0.7,2023-03-31T20:51:51Z
Toyota,5467357045,negative,0.81,neutral,0.55,2023-03-31T20:51:39Z
Toyota,5467358049,negative,0.94,neutral,0.71,2023-03-31T20:51:25Z
Toyota,5467355817,positive,0.63,neutral,0.68,2023-03-31T20:51:06Z
